From,Sent,X-Received,Received_1,Received_2,Received_3,Received_4,Received_5
Japan-Africa / Latin America Coding Contest 2022 <noreply@tracks.run>,"Sat, 17 Sep 2022 23:00:31 +0000","Sat, 17 Sep 2022 16:00:32 -0700","Sat, 17 Sep 2022 16:00:32 -0700","Sat, 17 Sep 2022 16:00:32 -0700",2022-09-17 23:00:31.559831876 +0000 ,,
"""Clarence Sithole (via LinkedIn)"" <messages-noreply@linkedin.com>","Mon, 10 Jan 2022 05:25:09 +0000","Sun, 09 Jan 2022 21:25:12 -0800","Sun, 9 Jan 2022 21:25:12 -0800","Sun, 09 Jan 2022 21:25:12 -0800",,,
"Clementine Mashile via LinkedIn
 <messaging-digest-noreply@linkedin.com>","Wed, 16 Nov 2022 15:21:40 +0000","Wed, 16 Nov 2022 07:21:41 -0800","Wed, 16 Nov 2022 07:21:41 -0800","Wed, 16 Nov 2022 07:21:41 -0800",,,
Google Forms <forms-receipts-noreply@google.com>,"Tue, 20 Jun 2023 15:43:42 +0000","Tue, 20 Jun 2023 08:43:43 -0700","Tue, 20 Jun 2023 08:43:43 -0700","Tue, 20 Jun 2023 08:43:42 -0700",,,
Google Forms <forms-receipts-noreply@google.com>,"Tue, 04 Jul 2023 16:03:10 +0000","Tue, 04 Jul 2023 09:03:11 -0700","Tue, 4 Jul 2023 09:03:11 -0700","Tue, 04 Jul 2023 09:03:11 -0700",,,
Google Forms <forms-receipts-noreply@google.com>,"Wed, 21 Jun 2023 15:11:56 +0000","Wed, 21 Jun 2023 08:11:56 -0700","Wed, 21 Jun 2023 08:11:56 -0700","Wed, 21 Jun 2023 08:11:56 -0700",,,
Google Forms <forms-receipts-noreply@google.com>,"Wed, 21 Jun 2023 15:54:02 +0000","Wed, 21 Jun 2023 08:54:03 -0700","Wed, 21 Jun 2023 08:54:03 -0700","Wed, 21 Jun 2023 08:54:03 -0700",,,
Google Forms <forms-receipts-noreply@google.com>,"Thu, 22 Jun 2023 15:27:42 +0000","Thu, 22 Jun 2023 08:27:42 -0700","Thu, 22 Jun 2023 08:27:43 -0700","Thu, 22 Jun 2023 08:27:42 -0700",,,
Google Forms <forms-receipts-noreply@google.com>,"Fri, 23 Jun 2023 15:11:17 +0000","Fri, 23 Jun 2023 08:11:18 -0700","Fri, 23 Jun 2023 08:11:18 -0700","Fri, 23 Jun 2023 08:11:18 -0700",,,
Google Cloud Platform <CloudPlatform-noreply@google.com>,"Thu, 20 Apr 2023 08:01:54 -0700","Thu, 20 Apr 2023 08:01:56 -0700","Thu, 20 Apr 2023 08:01:57 -0700","Thu, 20 Apr 2023 08:01:56 -0700",,,
Google Cloud Platform <CloudPlatform-noreply@google.com>,"Thu, 25 May 2023 08:16:14 -0700","Thu, 25 May 2023 08:16:14 -0700","Thu, 25 May 2023 08:16:15 -0700","Thu, 25 May 2023 08:16:14 -0700",,,
Google Cloud Platform <CloudPlatform-noreply@google.com>,"Mon, 05 Jun 2023 23:25:11 -0700","Mon, 05 Jun 2023 23:25:11 -0700","Mon, 5 Jun 2023 23:25:11 -0700","Mon, 05 Jun 2023 23:25:11 -0700",,,
Business Insider via LinkedIn <newsletters-noreply@linkedin.com>,"Fri, 14 Oct 2022 11:21:51 +0000","Fri, 14 Oct 2022 04:21:53 -0700","Fri, 14 Oct 2022 04:21:54 -0700","Fri, 14 Oct 2022 04:21:53 -0700",,,
LinkedIn Job Alerts <jobalerts-noreply@linkedin.com>,"Mon, 17 Apr 2023 09:59:49 +0000","Mon, 17 Apr 2023 02:59:51 -0700","Mon, 17 Apr 2023 02:59:51 -0700","Mon, 17 Apr 2023 02:59:50 -0700",,,
LinkedIn Job Alerts <jobalerts-noreply@linkedin.com>,"Sun, 4 Jun 2023 09:50:26 +0000","Sun, 04 Jun 2023 02:50:28 -0700","Sun, 4 Jun 2023 02:50:29 -0700","Sun, 04 Jun 2023 02:50:28 -0700",,,
LinkedIn Job Alerts <jobalerts-noreply@linkedin.com>,"Sun, 9 Jul 2023 09:54:08 +0000","Sun, 09 Jul 2023 02:54:11 -0700","Sun, 9 Jul 2023 02:54:11 -0700","Sun, 09 Jul 2023 02:54:11 -0700",,,
LinkedIn Job Alerts <jobalerts-noreply@linkedin.com>,"Sat, 8 Apr 2023 09:55:59 +0000","Sat, 08 Apr 2023 02:56:02 -0700","Sat, 8 Apr 2023 02:56:02 -0700","Sat, 08 Apr 2023 02:56:02 -0700",,,
LinkedIn Job Alerts <jobalerts-noreply@linkedin.com>,"Mon, 10 Apr 2023 10:17:55 +0000","Mon, 10 Apr 2023 03:17:59 -0700","Mon, 10 Apr 2023 03:17:59 -0700","Mon, 10 Apr 2023 03:17:59 -0700",,,
LinkedIn Job Alerts <jobalerts-noreply@linkedin.com>,"Tue, 19 Sep 2023 09:47:16 +0000","Tue, 19 Sep 2023 02:47:21 -0700","Tue, 19 Sep 2023 02:47:21 -0700","Tue, 19 Sep 2023 02:47:21 -0700",,,
LinkedIn Job Alerts <jobalerts-noreply@linkedin.com>,"Sun, 3 Sep 2023 09:53:33 +0000","Sun, 03 Sep 2023 02:53:37 -0700","Sun, 3 Sep 2023 02:53:37 -0700","Sun, 03 Sep 2023 02:53:37 -0700",,,
Business Insider via LinkedIn <newsletters-noreply@linkedin.com>,"Thu, 22 Sep 2022 20:00:17 +0000","Thu, 22 Sep 2022 13:00:19 -0700","Thu, 22 Sep 2022 13:00:20 -0700","Thu, 22 Sep 2022 13:00:19 -0700",,,
Google Scholar Alerts <scholaralerts-noreply@google.com>,"Thu, 23 Feb 2023 03:20:41 -0800","Thu, 23 Feb 2023 03:20:41 -0800","Thu, 23 Feb 2023 03:20:41 -0800","Thu, 23 Feb 2023 03:20:41 -0800",,,
Google Scholar Alerts <scholaralerts-noreply@google.com>,"Tue, 07 Mar 2023 05:44:52 -0800","Tue, 07 Mar 2023 05:44:52 -0800","Tue, 7 Mar 2023 05:44:52 -0800","Tue, 07 Mar 2023 05:44:52 -0800",,,
Google Scholar Alerts <scholaralerts-noreply@google.com>,"Sat, 18 Mar 2023 01:38:53 -0700","Sat, 18 Mar 2023 01:38:53 -0700","Sat, 18 Mar 2023 01:38:54 -0700","Sat, 18 Mar 2023 01:38:53 -0700",,,
Google Scholar Alerts <scholaralerts-noreply@google.com>,"Tue, 21 Mar 2023 04:54:54 -0700","Tue, 21 Mar 2023 04:54:54 -0700","Tue, 21 Mar 2023 04:54:54 -0700","Tue, 21 Mar 2023 04:54:54 -0700",,,
Google Scholar Alerts <scholaralerts-noreply@google.com>,"Thu, 30 Mar 2023 04:34:40 -0700","Thu, 30 Mar 2023 04:34:41 -0700","Thu, 30 Mar 2023 04:34:41 -0700","Thu, 30 Mar 2023 04:34:41 -0700",,,
Google Scholar Alerts <scholaralerts-noreply@google.com>,"Tue, 28 Feb 2023 03:00:42 -0800","Tue, 28 Feb 2023 03:00:42 -0800","Tue, 28 Feb 2023 03:00:43 -0800","Tue, 28 Feb 2023 03:00:42 -0800",,,
Google Scholar Alerts <scholaralerts-noreply@google.com>,"Thu, 02 Mar 2023 06:31:14 -0800","Thu, 02 Mar 2023 06:31:14 -0800","Thu, 2 Mar 2023 06:31:14 -0800","Thu, 02 Mar 2023 06:31:14 -0800",,,
Google Scholar Alerts <scholaralerts-noreply@google.com>,"Thu, 16 Mar 2023 05:38:09 -0700","Thu, 16 Mar 2023 05:38:09 -0700","Thu, 16 Mar 2023 05:38:09 -0700","Thu, 16 Mar 2023 05:38:09 -0700",,,
LinkedIn Job Alerts <jobalerts-noreply@linkedin.com>,"Tue, 21 Jun 2022 12:11:11 +0000","Tue, 21 Jun 2022 05:11:13 -0700","Tue, 21 Jun 2022 05:11:14 -0700","Tue, 21 Jun 2022 05:11:13 -0700",,,
LinkedIn Job Alerts <jobalerts-noreply@linkedin.com>,"Tue, 21 Jun 2022 12:11:11 +0000","Tue, 21 Jun 2022 05:11:13 -0700","Tue, 21 Jun 2022 05:11:14 -0700","Tue, 21 Jun 2022 05:11:13 -0700",,,
LinkedIn Job Alerts <jobalerts-noreply@linkedin.com>,"Sun, 24 Jul 2022 11:54:01 +0000","Sun, 24 Jul 2022 04:54:03 -0700","Sun, 24 Jul 2022 04:54:03 -0700","Sun, 24 Jul 2022 04:54:03 -0700",,,
LinkedIn Job Alerts <jobalerts-noreply@linkedin.com>,"Sun, 24 Jul 2022 11:54:02 +0000","Sun, 24 Jul 2022 04:54:04 -0700","Sun, 24 Jul 2022 04:54:04 -0700","Sun, 24 Jul 2022 04:54:04 -0700",,,
LinkedIn Job Alerts <jobalerts-noreply@linkedin.com>,"Mon, 25 Jul 2022 13:12:20 +0000","Mon, 25 Jul 2022 06:12:24 -0700","Mon, 25 Jul 2022 06:12:24 -0700","Mon, 25 Jul 2022 06:12:24 -0700",,,
LinkedIn Job Alerts <jobalerts-noreply@linkedin.com>,"Mon, 25 Jul 2022 13:12:21 +0000","Mon, 25 Jul 2022 06:12:21 -0700","Mon, 25 Jul 2022 06:12:22 -0700","Mon, 25 Jul 2022 06:12:21 -0700",,,
Google Scholar Alerts <scholaralerts-noreply@google.com>,"Thu, 16 Mar 2023 05:38:09 -0700","Thu, 16 Mar 2023 05:38:09 -0700","Thu, 16 Mar 2023 05:38:10 -0700","Thu, 16 Mar 2023 05:38:09 -0700",,,
Google Scholar Alerts <scholaralerts-noreply@google.com>,"Thu, 27 Apr 2023 01:24:55 -0700","Thu, 27 Apr 2023 01:24:55 -0700","Thu, 27 Apr 2023 01:24:56 -0700","Thu, 27 Apr 2023 01:24:55 -0700",,,
Google Scholar Alerts <scholaralerts-noreply@google.com>,"Tue, 23 May 2023 04:02:03 -0700","Tue, 23 May 2023 04:02:03 -0700","Tue, 23 May 2023 04:02:04 -0700","Tue, 23 May 2023 04:02:03 -0700",,,
Google Scholar Alerts <scholaralerts-noreply@google.com>,"Sat, 01 Jul 2023 15:55:12 -0700","Sat, 01 Jul 2023 15:55:13 -0700","Sat, 1 Jul 2023 15:55:13 -0700","Sat, 01 Jul 2023 15:55:13 -0700",,,
Google Scholar Alerts <scholaralerts-noreply@google.com>,"Sat, 05 Aug 2023 08:32:05 -0700","Sat, 05 Aug 2023 08:32:06 -0700","Sat, 5 Aug 2023 08:32:06 -0700","Sat, 05 Aug 2023 08:32:06 -0700",,,
Business Insider via LinkedIn <newsletters-noreply@linkedin.com>,"Tue, 28 Jun 2022 11:55:04 +0000","Tue, 28 Jun 2022 04:55:05 -0700","Tue, 28 Jun 2022 04:55:05 -0700","Tue, 28 Jun 2022 04:55:05 -0700",,,
Medium Daily Digest <noreply@medium.com>,"Sat, 29 Jul 2023 05:00:00 +0000","Fri, 28 Jul 2023 22:00:01 -0700","Fri, 28 Jul 2023 22:00:01 -0700","Fri, 28 Jul 2023 22:00:01 -0700",2023-07-29 00:18:02.382438192 +0000 ,,
Medium Daily Digest <noreply@medium.com>,"Sun, 23 Jul 2023 05:00:00 +0000","Sat, 22 Jul 2023 22:00:02 -0700","Sat, 22 Jul 2023 22:00:03 -0700","Sat, 22 Jul 2023 22:00:02 -0700",2023-07-23 00:11:13.822039628 +0000 ,,
Google Scholar Alerts <scholaralerts-noreply@google.com>,"Tue, 30 May 2023 03:28:37 -0700","Tue, 30 May 2023 03:28:38 -0700","Tue, 30 May 2023 03:28:38 -0700","Tue, 30 May 2023 03:28:38 -0700",,,
Google Scholar Alerts <scholaralerts-noreply@google.com>,"Thu, 01 Jun 2023 01:31:46 -0700","Thu, 01 Jun 2023 01:31:46 -0700","Thu, 1 Jun 2023 01:31:47 -0700","Thu, 01 Jun 2023 01:31:46 -0700",,,
Google Scholar Alerts <scholaralerts-noreply@google.com>,"Sun, 02 Jul 2023 23:34:03 -0700","Sun, 02 Jul 2023 23:34:03 -0700","Sun, 2 Jul 2023 23:34:03 -0700","Sun, 02 Jul 2023 23:34:03 -0700",,,
Google Scholar Alerts <scholaralerts-noreply@google.com>,"Sat, 29 Jul 2023 10:11:28 -0700","Sat, 29 Jul 2023 10:11:29 -0700","Sat, 29 Jul 2023 10:11:29 -0700","Sat, 29 Jul 2023 10:11:29 -0700",,,
Google Scholar Alerts <scholaralerts-noreply@google.com>,"Tue, 08 Aug 2023 06:58:58 -0700","Tue, 08 Aug 2023 06:58:58 -0700","Tue, 8 Aug 2023 06:58:58 -0700","Tue, 08 Aug 2023 06:58:58 -0700",,,
Medium Daily Digest <noreply@medium.com>,"Thu, 01 Jun 2023 05:00:00 +0000","Wed, 31 May 2023 22:00:03 -0700","Wed, 31 May 2023 22:00:04 -0700","Wed, 31 May 2023 22:00:03 -0700",2023-06-01 00:11:33.57680894 +0000 ,,
Medium Daily Digest <noreply@medium.com>,"Fri, 24 Feb 2023 05:00:00 +0000","Thu, 23 Feb 2023 21:00:02 -0800","Thu, 23 Feb 2023 21:00:03 -0800","Thu, 23 Feb 2023 21:00:02 -0800",2023-02-24 00:05:14.894138325 +0000 ,,
Medium Daily Digest <noreply@medium.com>,"Sat, 04 Mar 2023 05:00:00 +0000","Fri, 03 Mar 2023 21:00:01 -0800","Fri, 3 Mar 2023 21:00:01 -0800","Fri, 03 Mar 2023 21:00:01 -0800",2023-03-04 00:04:59.815514249 +0000 ,,
Medium Daily Digest <noreply@medium.com>,"Sun, 30 Apr 2023 05:00:00 +0000","Sat, 29 Apr 2023 22:00:01 -0700","Sat, 29 Apr 2023 22:00:01 -0700","Sat, 29 Apr 2023 22:00:01 -0700",2023-04-30 00:10:10.783404372 +0000 ,,
Medium Daily Digest <noreply@medium.com>,"Tue, 07 Feb 2023 05:00:00 +0000","Mon, 06 Feb 2023 21:00:01 -0800","Mon, 6 Feb 2023 21:00:01 -0800","Mon, 06 Feb 2023 21:00:01 -0800",2023-02-07 00:10:51.922746746 +0000 ,,
Medium Daily Digest <noreply@medium.com>,"Thu, 06 Jul 2023 05:00:00 +0000","Wed, 05 Jul 2023 22:00:02 -0700","Wed, 5 Jul 2023 22:00:02 -0700","Wed, 05 Jul 2023 22:00:02 -0700",2023-07-06 00:12:27.325541371 +0000 ,,
Medium Daily Digest <noreply@medium.com>,"Fri, 14 Apr 2023 05:00:00 +0000","Thu, 13 Apr 2023 22:00:01 -0700","Thu, 13 Apr 2023 22:00:01 -0700","Thu, 13 Apr 2023 22:00:01 -0700",2023-04-14 00:10:16.849609205 +0000 ,,
LinkedIn <messages-noreply@linkedin.com>,"Tue, 17 May 2022 19:14:19 +0000","Tue, 17 May 2022 12:14:23 -0700","Tue, 17 May 2022 12:14:23 -0700","Tue, 17 May 2022 12:14:23 -0700",,,
"""Wondershare"" <noreply@mail-service.wondershare.com>","Tue, 21 Mar 2023 16:09:51 +0800","Tue, 21 Mar 2023 01:09:53 -0700","Tue, 21 Mar 2023 01:09:53 -0700","Tue, 21 Mar 2023 01:09:53 -0700","Tue, 21 Mar 2023 16:09:51 +0800",,
Medium Daily Digest <noreply@medium.com>,"Sat, 04 Feb 2023 05:00:00 +0000","Fri, 03 Feb 2023 21:00:03 -0800","Fri, 3 Feb 2023 21:00:03 -0800","Fri, 03 Feb 2023 21:00:03 -0800",2023-02-04 00:09:29.929967985 +0000 ,,
Tshepiso <noreply@github.com>,"Thu, 17 Aug 2023 22:25:37 -0700","Thu, 17 Aug 2023 22:25:37 -0700","Thu, 17 Aug 2023 22:25:37 -0700","Thu, 17 Aug 2023 22:25:37 -0700","Thu, 17 Aug 2023 22:25:37 -0700",,
Tshepiso <noreply@github.com>,"Thu, 07 Sep 2023 01:31:14 -0700","Thu, 07 Sep 2023 01:31:14 -0700","Thu, 7 Sep 2023 01:31:15 -0700","Thu, 07 Sep 2023 01:31:14 -0700",,,
Tshepiso <noreply@github.com>,"Mon, 18 Sep 2023 10:11:59 -0700","Mon, 18 Sep 2023 10:12:00 -0700","Mon, 18 Sep 2023 10:12:00 -0700","Mon, 18 Sep 2023 10:12:00 -0700","Mon, 18 Sep 2023 10:11:59 -0700",,
"""Google Cloud Platform, Firebase and APIs"" <CloudPlatform-noreply@google.com>","Mon, 05 Jun 2023 10:08:08 -0700","Mon, 05 Jun 2023 10:08:08 -0700","Mon, 5 Jun 2023 10:08:09 -0700","Mon, 05 Jun 2023 10:08:08 -0700",,,
"""Google Cloud Platform, Firebase and APIs"" <CloudPlatform-noreply@google.com>","Thu, 20 Apr 2023 00:45:36 -0700","Thu, 20 Apr 2023 00:45:37 -0700","Thu, 20 Apr 2023 00:45:37 -0700","Thu, 20 Apr 2023 00:45:37 -0700",,,
"""Google Cloud Platform, Firebase and APIs"" <CloudPlatform-noreply@google.com>","Sun, 23 Apr 2023 00:45:39 -0700","Sun, 23 Apr 2023 00:45:40 -0700","Sun, 23 Apr 2023 00:45:40 -0700","Sun, 23 Apr 2023 00:45:40 -0700",,,
"""Google Cloud Platform, Firebase and APIs"" <CloudPlatform-noreply@google.com>","Fri, 19 May 2023 00:45:36 -0700","Fri, 19 May 2023 00:45:36 -0700","Fri, 19 May 2023 00:45:36 -0700","Fri, 19 May 2023 00:45:36 -0700",,,
"""Google Cloud Platform, Firebase and APIs"" <CloudPlatform-noreply@google.com>","Fri, 26 May 2023 05:06:09 -0700","Fri, 26 May 2023 05:06:09 -0700","Fri, 26 May 2023 05:06:09 -0700","Fri, 26 May 2023 05:06:09 -0700",,,
"""Google Cloud Platform, Firebase and APIs"" <CloudPlatform-noreply@google.com>","Mon, 29 May 2023 10:08:04 -0700","Mon, 29 May 2023 10:08:05 -0700","Mon, 29 May 2023 10:08:05 -0700","Mon, 29 May 2023 10:08:05 -0700",,,
"""Google Cloud Platform, Firebase and APIs"" <CloudPlatform-noreply@google.com>","Thu, 01 Jun 2023 10:09:18 -0700","Thu, 01 Jun 2023 10:09:19 -0700","Thu, 1 Jun 2023 10:09:19 -0700","Thu, 01 Jun 2023 10:09:18 -0700",,,
TradingView <noreply@tradingview.com>,"Thu, 24 Aug 2023 12:43:56 +0000","Thu, 24 Aug 2023 05:43:57 -0700","Thu, 24 Aug 2023 05:43:57 -0700","Thu, 24 Aug 2023 05:43:57 -0700",,,
TradingView <noreply@tradingview.com>,"Thu, 12 Oct 2023 15:10:32 +0000","Thu, 12 Oct 2023 08:10:32 -0700","Thu, 12 Oct 2023 08:10:33 -0700","Thu, 12 Oct 2023 08:10:32 -0700",,,
TradingView <noreply@tradingview.com>,"Thu, 12 Oct 2023 15:14:01 +0000","Thu, 12 Oct 2023 08:14:01 -0700","Thu, 12 Oct 2023 08:14:01 -0700","Thu, 12 Oct 2023 08:14:01 -0700",,,
TradingView <noreply@tradingview.com>,"Thu, 12 Oct 2023 15:15:04 +0000","Thu, 12 Oct 2023 08:15:05 -0700","Thu, 12 Oct 2023 08:15:05 -0700","Thu, 12 Oct 2023 08:15:05 -0700",,,
TradingView <noreply@tradingview.com>,"Wed, 26 Jul 2023 01:30:46 +0000","Tue, 25 Jul 2023 18:30:47 -0700","Tue, 25 Jul 2023 18:30:47 -0700","Tue, 25 Jul 2023 18:30:47 -0700",,,
TradingView <noreply@tradingview.com>,"Wed, 26 Jul 2023 01:31:42 +0000","Tue, 25 Jul 2023 18:31:43 -0700","Tue, 25 Jul 2023 18:31:43 -0700","Tue, 25 Jul 2023 18:31:43 -0700",,,
TradingView <noreply@tradingview.com>,"Wed, 26 Jul 2023 01:34:59 +0000","Tue, 25 Jul 2023 18:34:59 -0700","Tue, 25 Jul 2023 18:35:00 -0700","Tue, 25 Jul 2023 18:34:59 -0700",,,
TradingView <noreply@tradingview.com>,"Wed, 26 Jul 2023 01:37:40 +0000","Tue, 25 Jul 2023 18:37:40 -0700","Tue, 25 Jul 2023 18:37:40 -0700","Tue, 25 Jul 2023 18:37:40 -0700",,,
OfferZen <noreply@offerzen.com>,"Mon, 09 Oct 2023 09:46:43 +0000","Mon, 09 Oct 2023 02:46:44 -0700","Mon, 9 Oct 2023 02:46:44 -0700","Mon, 09 Oct 2023 02:46:44 -0700",,,
Amazon Web Services <password-reset-noreply@aws.amazon.com>,"Sun, 24 Jul 2022 21:21:56 +0000","Sun, 24 Jul 2022 14:21:57 -0700","Sun, 24 Jul 2022 14:21:57 -0700","Sun, 24 Jul 2022 14:21:57 -0700",,,
Amazon Web Services <password-reset-noreply@aws.amazon.com>,"Thu, 28 Jul 2022 04:45:19 +0000","Wed, 27 Jul 2022 21:45:20 -0700","Wed, 27 Jul 2022 21:45:20 -0700","Wed, 27 Jul 2022 21:45:20 -0700",,,
Flo <noreply@owhealth.com>,"Sat, 14 Jan 2023 09:39:22 +0000","Sat, 14 Jan 2023 01:39:22 -0800","Sat, 14 Jan 2023 01:39:22 -0800","Sat, 14 Jan 2023 01:39:22 -0800",,,
Filmora <noreply@best.wondershare.com>,"Tue, 01 Aug 2023 13:25:23 +0000","Tue, 01 Aug 2023 06:25:25 -0700","Tue, 1 Aug 2023 06:25:25 -0700","Tue, 01 Aug 2023 06:25:25 -0700",,,
Medium Daily Digest <noreply@medium.com>,"Fri, 05 May 2023 05:00:00 +0000","Thu, 04 May 2023 22:00:01 -0700","Thu, 4 May 2023 22:00:01 -0700","Thu, 04 May 2023 22:00:01 -0700",2023-05-05 00:10:11.629966491 +0000 ,,
OfentseInTech via LinkedIn <newsletters-noreply@linkedin.com>,"Mon, 27 Mar 2023 06:43:49 +0000","Sun, 26 Mar 2023 23:43:50 -0700","Sun, 26 Mar 2023 23:43:50 -0700","Sun, 26 Mar 2023 23:43:50 -0700",,,
OfentseInTech via LinkedIn <newsletters-noreply@linkedin.com>,"Sun, 26 Mar 2023 06:44:04 +0000","Sat, 25 Mar 2023 23:44:07 -0700","Sat, 25 Mar 2023 23:44:07 -0700","Sat, 25 Mar 2023 23:44:07 -0700",,,
"""Wondershare"" <noreply@mail-service.wondershare.com>","Sat, 14 Jan 2023 10:03:27 +0800","Fri, 13 Jan 2023 18:03:28 -0800","Fri, 13 Jan 2023 18:03:29 -0800","Fri, 13 Jan 2023 18:03:28 -0800","Sat, 14 Jan 2023 10:03:27 +0800",,
"""Wondershare"" <noreply@mail-service.wondershare.com>","Wed, 08 Feb 2023 20:09:37 +0800","Wed, 08 Feb 2023 04:09:38 -0800","Wed, 8 Feb 2023 04:09:39 -0800","Wed, 08 Feb 2023 04:09:38 -0800","Wed, 08 Feb 2023 20:09:37 +0800",,
Team Clarivate <noreply@webofscience.com>,"Sat, 8 Apr 2023 23:42:00 +0000","Sat, 08 Apr 2023 16:42:01 -0700","Sat, 8 Apr 2023 16:42:01 -0700","Sat, 08 Apr 2023 16:42:01 -0700",,,
Avinash Singh <noreply@github.com>,"Wed, 27 Apr 2022 10:36:38 -0700","Wed, 27 Apr 2022 10:36:39 -0700","Wed, 27 Apr 2022 10:36:39 -0700","Wed, 27 Apr 2022 10:36:39 -0700","Wed, 27 Apr 2022 10:36:38 -0700",,
Azasakhe Gogo via LinkedIn <messaging-digest-noreply@linkedin.com>,"Fri, 3 Feb 2023 18:52:22 +0000","Fri, 03 Feb 2023 10:52:24 -0800","Fri, 3 Feb 2023 10:52:25 -0800","Fri, 03 Feb 2023 10:52:24 -0800",,,
"Azeez Olanrewaju Shoderu via LinkedIn
 <messaging-digest-noreply@linkedin.com>","Tue, 9 May 2023 09:32:00 +0000","Tue, 09 May 2023 02:32:02 -0700","Tue, 9 May 2023 02:32:02 -0700","Tue, 09 May 2023 02:32:02 -0700",,,
System Talentlink <noreply@bbd.co.za>,"Thu, 3 Nov 2022 16:55:56 +0000","Thu, 03 Nov 2022 09:55:57 -0700","Thu, 3 Nov 2022 09:55:57 -0700","Thu, 03 Nov 2022 09:55:57 -0700",,,
The Student World <noreply@thestudent.world>,"Tue, 8 Mar 2022 04:46:24 +0000","Mon, 07 Mar 2022 20:46:25 -0800","Mon, 7 Mar 2022 20:46:25 -0800","Mon, 07 Mar 2022 20:46:25 -0800",,,
Virgin Active <noreply@virginactive.co.za>,"Mon, 25 Sep 2023 09:07:14 +0200","Mon, 25 Sep 2023 00:07:14 -0700","Mon, 25 Sep 2023 00:07:14 -0700","Mon, 25 Sep 2023 00:07:14 -0700",,,
"""Wondershare"" <noreply@mail-service.wondershare.com>","Thu, 19 Jan 2023 19:27:35 +0800","Thu, 19 Jan 2023 03:27:36 -0800","Thu, 19 Jan 2023 03:27:37 -0800","Thu, 19 Jan 2023 03:27:36 -0800","Thu, 19 Jan 2023 19:27:35 +0800",,
LinkedIn <career-interests-noreply@linkedin.com>,"Sat, 10 Dec 2022 17:25:07 +0000","Sat, 10 Dec 2022 09:25:07 -0800","Sat, 10 Dec 2022 09:25:08 -0800","Sat, 10 Dec 2022 09:25:07 -0800",,,
Business Insider via LinkedIn <newsletters-noreply@linkedin.com>,"Wed, 19 Oct 2022 11:18:33 +0000","Wed, 19 Oct 2022 04:18:35 -0700","Wed, 19 Oct 2022 04:18:35 -0700","Wed, 19 Oct 2022 04:18:35 -0700",,,
GitHub via LinkedIn <newsletters-noreply@linkedin.com>,"Thu, 17 Nov 2022 21:08:08 +0000","Thu, 17 Nov 2022 13:08:11 -0800","Thu, 17 Nov 2022 13:08:12 -0800","Thu, 17 Nov 2022 13:08:11 -0800",,,
GitHub <noreply@github.com>,"Sun, 12 Sep 2021 10:00:58 +0000","Sun, 12 Sep 2021 03:00:59 -0700","Sun, 12 Sep 2021 03:00:59 -0700","Sun, 12 Sep 2021 03:00:59 -0700",2021-09-12 10:00:58.084748107 +0000 ,,"Sun, 12 Sep 2021 03:00:57 -0700"
GitHub <noreply@github.com>,"Mon, 21 Nov 2022 09:19:31 -0800","Mon, 21 Nov 2022 09:19:31 -0800","Mon, 21 Nov 2022 09:19:31 -0800","Mon, 21 Nov 2022 09:19:31 -0800","Mon, 21 Nov 2022 09:19:31 -0800",,
GitHub <noreply@github.com>,"Mon, 21 Nov 2022 12:34:49 -0800","Mon, 21 Nov 2022 12:34:49 -0800","Mon, 21 Nov 2022 12:34:50 -0800","Mon, 21 Nov 2022 12:34:49 -0800","Mon, 21 Nov 2022 12:34:49 -0800",,
