From,Sent,X-Received,Received_1,Received_2,Received_3,Received_4,Received_5,Sent_time_and_timezone,X-Received_time_and_timezone,Received_1_time_and_timezone,Received_2_time_and_timezone,Received_3_time_and_timezone,Received_4_time_and_timezone,Sent_sa,X-Received_sa,Received_1_sa,Received_2_sa,Received_3_sa,Received_4_sa
Japan-Africa / Latin America Coding Contest 2022 <noreply@tracks.run>,"Sat, 17 Sep 2022 23:00:31 +0000","Sat, 17 Sep 2022 16:00:32 -0700","Sat, 17 Sep 2022 16:00:32 -0700","Sat, 17 Sep 2022 16:00:32 -0700",2022-09-17 23:00:31.559831876 +0000 ,,,23:00:31 +0000,16:00:32 -0700,16:00:32 -0700,16:00:32 -0700,,,00:52:31,00:52:32,00:52:32,00:52:32,,
"""Clarence Sithole (via LinkedIn)"" <messages-noreply@linkedin.com>","Mon, 10 Jan 2022 05:25:09 +0000","Sun, 09 Jan 2022 21:25:12 -0800","Sun, 9 Jan 2022 21:25:12 -0800","Sun, 09 Jan 2022 21:25:12 -0800",,,,05:25:09 +0000,21:25:12 -0800,21:25:12 -0800,21:25:12 -0800,,,07:17:09,07:17:12,07:17:12,07:17:12,,
"Clementine Mashile via LinkedIn
 <messaging-digest-noreply@linkedin.com>","Wed, 16 Nov 2022 15:21:40 +0000","Wed, 16 Nov 2022 07:21:41 -0800","Wed, 16 Nov 2022 07:21:41 -0800","Wed, 16 Nov 2022 07:21:41 -0800",,,,15:21:40 +0000,07:21:41 -0800,07:21:41 -0800,07:21:41 -0800,,,17:13:40,17:13:41,17:13:41,17:13:41,,
Google Forms <forms-receipts-noreply@google.com>,"Tue, 20 Jun 2023 15:43:42 +0000","Tue, 20 Jun 2023 08:43:43 -0700","Tue, 20 Jun 2023 08:43:43 -0700","Tue, 20 Jun 2023 08:43:42 -0700",,,,15:43:42 +0000,08:43:43 -0700,08:43:43 -0700,08:43:42 -0700,,,17:35:42,17:35:43,17:35:43,17:35:42,,
Google Forms <forms-receipts-noreply@google.com>,"Tue, 04 Jul 2023 16:03:10 +0000","Tue, 04 Jul 2023 09:03:11 -0700","Tue, 4 Jul 2023 09:03:11 -0700","Tue, 04 Jul 2023 09:03:11 -0700",,,,16:03:10 +0000,09:03:11 -0700,09:03:11 -0700,09:03:11 -0700,,,17:55:10,17:55:11,17:55:11,17:55:11,,
Google Forms <forms-receipts-noreply@google.com>,"Wed, 21 Jun 2023 15:11:56 +0000","Wed, 21 Jun 2023 08:11:56 -0700","Wed, 21 Jun 2023 08:11:56 -0700","Wed, 21 Jun 2023 08:11:56 -0700",,,,15:11:56 +0000,08:11:56 -0700,08:11:56 -0700,08:11:56 -0700,,,17:03:56,17:03:56,17:03:56,17:03:56,,
Google Forms <forms-receipts-noreply@google.com>,"Wed, 21 Jun 2023 15:54:02 +0000","Wed, 21 Jun 2023 08:54:03 -0700","Wed, 21 Jun 2023 08:54:03 -0700","Wed, 21 Jun 2023 08:54:03 -0700",,,,15:54:02 +0000,08:54:03 -0700,08:54:03 -0700,08:54:03 -0700,,,17:46:02,17:46:03,17:46:03,17:46:03,,
Google Forms <forms-receipts-noreply@google.com>,"Thu, 22 Jun 2023 15:27:42 +0000","Thu, 22 Jun 2023 08:27:42 -0700","Thu, 22 Jun 2023 08:27:43 -0700","Thu, 22 Jun 2023 08:27:42 -0700",,,,15:27:42 +0000,08:27:42 -0700,08:27:43 -0700,08:27:42 -0700,,,17:19:42,17:19:42,17:19:43,17:19:42,,
Google Forms <forms-receipts-noreply@google.com>,"Fri, 23 Jun 2023 15:11:17 +0000","Fri, 23 Jun 2023 08:11:18 -0700","Fri, 23 Jun 2023 08:11:18 -0700","Fri, 23 Jun 2023 08:11:18 -0700",,,,15:11:17 +0000,08:11:18 -0700,08:11:18 -0700,08:11:18 -0700,,,17:03:17,17:03:18,17:03:18,17:03:18,,
Google Cloud Platform <CloudPlatform-noreply@google.com>,"Thu, 20 Apr 2023 08:01:54 -0700","Thu, 20 Apr 2023 08:01:56 -0700","Thu, 20 Apr 2023 08:01:57 -0700","Thu, 20 Apr 2023 08:01:56 -0700",,,,08:01:54 -0700,08:01:56 -0700,08:01:57 -0700,08:01:56 -0700,,,16:53:54,16:53:56,16:53:57,16:53:56,,
Google Cloud Platform <CloudPlatform-noreply@google.com>,"Thu, 25 May 2023 08:16:14 -0700","Thu, 25 May 2023 08:16:14 -0700","Thu, 25 May 2023 08:16:15 -0700","Thu, 25 May 2023 08:16:14 -0700",,,,08:16:14 -0700,08:16:14 -0700,08:16:15 -0700,08:16:14 -0700,,,17:08:14,17:08:14,17:08:15,17:08:14,,
Google Cloud Platform <CloudPlatform-noreply@google.com>,"Mon, 05 Jun 2023 23:25:11 -0700","Mon, 05 Jun 2023 23:25:11 -0700","Mon, 5 Jun 2023 23:25:11 -0700","Mon, 05 Jun 2023 23:25:11 -0700",,,,23:25:11 -0700,23:25:11 -0700,23:25:11 -0700,23:25:11 -0700,,,08:17:11,08:17:11,08:17:11,08:17:11,,
Business Insider via LinkedIn <newsletters-noreply@linkedin.com>,"Fri, 14 Oct 2022 11:21:51 +0000","Fri, 14 Oct 2022 04:21:53 -0700","Fri, 14 Oct 2022 04:21:54 -0700","Fri, 14 Oct 2022 04:21:53 -0700",,,,11:21:51 +0000,04:21:53 -0700,04:21:54 -0700,04:21:53 -0700,,,13:13:51,13:13:53,13:13:54,13:13:53,,
LinkedIn Job Alerts <jobalerts-noreply@linkedin.com>,"Mon, 17 Apr 2023 09:59:49 +0000","Mon, 17 Apr 2023 02:59:51 -0700","Mon, 17 Apr 2023 02:59:51 -0700","Mon, 17 Apr 2023 02:59:50 -0700",,,,09:59:49 +0000,02:59:51 -0700,02:59:51 -0700,02:59:50 -0700,,,11:51:49,11:51:51,11:51:51,11:51:50,,
LinkedIn Job Alerts <jobalerts-noreply@linkedin.com>,"Sun, 4 Jun 2023 09:50:26 +0000","Sun, 04 Jun 2023 02:50:28 -0700","Sun, 4 Jun 2023 02:50:29 -0700","Sun, 04 Jun 2023 02:50:28 -0700",,,,09:50:26 +0000,02:50:28 -0700,02:50:29 -0700,02:50:28 -0700,,,11:42:26,11:42:28,11:42:29,11:42:28,,
LinkedIn Job Alerts <jobalerts-noreply@linkedin.com>,"Sun, 9 Jul 2023 09:54:08 +0000","Sun, 09 Jul 2023 02:54:11 -0700","Sun, 9 Jul 2023 02:54:11 -0700","Sun, 09 Jul 2023 02:54:11 -0700",,,,09:54:08 +0000,02:54:11 -0700,02:54:11 -0700,02:54:11 -0700,,,11:46:08,11:46:11,11:46:11,11:46:11,,
LinkedIn Job Alerts <jobalerts-noreply@linkedin.com>,"Sat, 8 Apr 2023 09:55:59 +0000","Sat, 08 Apr 2023 02:56:02 -0700","Sat, 8 Apr 2023 02:56:02 -0700","Sat, 08 Apr 2023 02:56:02 -0700",,,,09:55:59 +0000,02:56:02 -0700,02:56:02 -0700,02:56:02 -0700,,,11:47:59,11:48:02,11:48:02,11:48:02,,
LinkedIn Job Alerts <jobalerts-noreply@linkedin.com>,"Mon, 10 Apr 2023 10:17:55 +0000","Mon, 10 Apr 2023 03:17:59 -0700","Mon, 10 Apr 2023 03:17:59 -0700","Mon, 10 Apr 2023 03:17:59 -0700",,,,10:17:55 +0000,03:17:59 -0700,03:17:59 -0700,03:17:59 -0700,,,12:09:55,12:09:59,12:09:59,12:09:59,,
LinkedIn Job Alerts <jobalerts-noreply@linkedin.com>,"Tue, 19 Sep 2023 09:47:16 +0000","Tue, 19 Sep 2023 02:47:21 -0700","Tue, 19 Sep 2023 02:47:21 -0700","Tue, 19 Sep 2023 02:47:21 -0700",,,,09:47:16 +0000,02:47:21 -0700,02:47:21 -0700,02:47:21 -0700,,,11:39:16,11:39:21,11:39:21,11:39:21,,
LinkedIn Job Alerts <jobalerts-noreply@linkedin.com>,"Sun, 3 Sep 2023 09:53:33 +0000","Sun, 03 Sep 2023 02:53:37 -0700","Sun, 3 Sep 2023 02:53:37 -0700","Sun, 03 Sep 2023 02:53:37 -0700",,,,09:53:33 +0000,02:53:37 -0700,02:53:37 -0700,02:53:37 -0700,,,11:45:33,11:45:37,11:45:37,11:45:37,,
Business Insider via LinkedIn <newsletters-noreply@linkedin.com>,"Thu, 22 Sep 2022 20:00:17 +0000","Thu, 22 Sep 2022 13:00:19 -0700","Thu, 22 Sep 2022 13:00:20 -0700","Thu, 22 Sep 2022 13:00:19 -0700",,,,20:00:17 +0000,13:00:19 -0700,13:00:20 -0700,13:00:19 -0700,,,21:52:17,21:52:19,21:52:20,21:52:19,,
Google Scholar Alerts <scholaralerts-noreply@google.com>,"Thu, 23 Feb 2023 03:20:41 -0800","Thu, 23 Feb 2023 03:20:41 -0800","Thu, 23 Feb 2023 03:20:41 -0800","Thu, 23 Feb 2023 03:20:41 -0800",,,,03:20:41 -0800,03:20:41 -0800,03:20:41 -0800,03:20:41 -0800,,,13:12:41,13:12:41,13:12:41,13:12:41,,
Google Scholar Alerts <scholaralerts-noreply@google.com>,"Tue, 07 Mar 2023 05:44:52 -0800","Tue, 07 Mar 2023 05:44:52 -0800","Tue, 7 Mar 2023 05:44:52 -0800","Tue, 07 Mar 2023 05:44:52 -0800",,,,05:44:52 -0800,05:44:52 -0800,05:44:52 -0800,05:44:52 -0800,,,15:36:52,15:36:52,15:36:52,15:36:52,,
Google Scholar Alerts <scholaralerts-noreply@google.com>,"Sat, 18 Mar 2023 01:38:53 -0700","Sat, 18 Mar 2023 01:38:53 -0700","Sat, 18 Mar 2023 01:38:54 -0700","Sat, 18 Mar 2023 01:38:53 -0700",,,,01:38:53 -0700,01:38:53 -0700,01:38:54 -0700,01:38:53 -0700,,,10:30:53,10:30:53,10:30:54,10:30:53,,
Google Scholar Alerts <scholaralerts-noreply@google.com>,"Tue, 21 Mar 2023 04:54:54 -0700","Tue, 21 Mar 2023 04:54:54 -0700","Tue, 21 Mar 2023 04:54:54 -0700","Tue, 21 Mar 2023 04:54:54 -0700",,,,04:54:54 -0700,04:54:54 -0700,04:54:54 -0700,04:54:54 -0700,,,13:46:54,13:46:54,13:46:54,13:46:54,,
Google Scholar Alerts <scholaralerts-noreply@google.com>,"Thu, 30 Mar 2023 04:34:40 -0700","Thu, 30 Mar 2023 04:34:41 -0700","Thu, 30 Mar 2023 04:34:41 -0700","Thu, 30 Mar 2023 04:34:41 -0700",,,,04:34:40 -0700,04:34:41 -0700,04:34:41 -0700,04:34:41 -0700,,,13:26:40,13:26:41,13:26:41,13:26:41,,
Google Scholar Alerts <scholaralerts-noreply@google.com>,"Tue, 28 Feb 2023 03:00:42 -0800","Tue, 28 Feb 2023 03:00:42 -0800","Tue, 28 Feb 2023 03:00:43 -0800","Tue, 28 Feb 2023 03:00:42 -0800",,,,03:00:42 -0800,03:00:42 -0800,03:00:43 -0800,03:00:42 -0800,,,12:52:42,12:52:42,12:52:43,12:52:42,,
Google Scholar Alerts <scholaralerts-noreply@google.com>,"Thu, 02 Mar 2023 06:31:14 -0800","Thu, 02 Mar 2023 06:31:14 -0800","Thu, 2 Mar 2023 06:31:14 -0800","Thu, 02 Mar 2023 06:31:14 -0800",,,,06:31:14 -0800,06:31:14 -0800,06:31:14 -0800,06:31:14 -0800,,,16:23:14,16:23:14,16:23:14,16:23:14,,
Google Scholar Alerts <scholaralerts-noreply@google.com>,"Thu, 16 Mar 2023 05:38:09 -0700","Thu, 16 Mar 2023 05:38:09 -0700","Thu, 16 Mar 2023 05:38:09 -0700","Thu, 16 Mar 2023 05:38:09 -0700",,,,05:38:09 -0700,05:38:09 -0700,05:38:09 -0700,05:38:09 -0700,,,14:30:09,14:30:09,14:30:09,14:30:09,,
LinkedIn Job Alerts <jobalerts-noreply@linkedin.com>,"Tue, 21 Jun 2022 12:11:11 +0000","Tue, 21 Jun 2022 05:11:13 -0700","Tue, 21 Jun 2022 05:11:14 -0700","Tue, 21 Jun 2022 05:11:13 -0700",,,,12:11:11 +0000,05:11:13 -0700,05:11:14 -0700,05:11:13 -0700,,,14:03:11,14:03:13,14:03:14,14:03:13,,
LinkedIn Job Alerts <jobalerts-noreply@linkedin.com>,"Tue, 21 Jun 2022 12:11:11 +0000","Tue, 21 Jun 2022 05:11:13 -0700","Tue, 21 Jun 2022 05:11:14 -0700","Tue, 21 Jun 2022 05:11:13 -0700",,,,12:11:11 +0000,05:11:13 -0700,05:11:14 -0700,05:11:13 -0700,,,14:03:11,14:03:13,14:03:14,14:03:13,,
LinkedIn Job Alerts <jobalerts-noreply@linkedin.com>,"Sun, 24 Jul 2022 11:54:01 +0000","Sun, 24 Jul 2022 04:54:03 -0700","Sun, 24 Jul 2022 04:54:03 -0700","Sun, 24 Jul 2022 04:54:03 -0700",,,,11:54:01 +0000,04:54:03 -0700,04:54:03 -0700,04:54:03 -0700,,,13:46:01,13:46:03,13:46:03,13:46:03,,
LinkedIn Job Alerts <jobalerts-noreply@linkedin.com>,"Sun, 24 Jul 2022 11:54:02 +0000","Sun, 24 Jul 2022 04:54:04 -0700","Sun, 24 Jul 2022 04:54:04 -0700","Sun, 24 Jul 2022 04:54:04 -0700",,,,11:54:02 +0000,04:54:04 -0700,04:54:04 -0700,04:54:04 -0700,,,13:46:02,13:46:04,13:46:04,13:46:04,,
LinkedIn Job Alerts <jobalerts-noreply@linkedin.com>,"Mon, 25 Jul 2022 13:12:20 +0000","Mon, 25 Jul 2022 06:12:24 -0700","Mon, 25 Jul 2022 06:12:24 -0700","Mon, 25 Jul 2022 06:12:24 -0700",,,,13:12:20 +0000,06:12:24 -0700,06:12:24 -0700,06:12:24 -0700,,,15:04:20,15:04:24,15:04:24,15:04:24,,
LinkedIn Job Alerts <jobalerts-noreply@linkedin.com>,"Mon, 25 Jul 2022 13:12:21 +0000","Mon, 25 Jul 2022 06:12:21 -0700","Mon, 25 Jul 2022 06:12:22 -0700","Mon, 25 Jul 2022 06:12:21 -0700",,,,13:12:21 +0000,06:12:21 -0700,06:12:22 -0700,06:12:21 -0700,,,15:04:21,15:04:21,15:04:22,15:04:21,,
Google Scholar Alerts <scholaralerts-noreply@google.com>,"Thu, 16 Mar 2023 05:38:09 -0700","Thu, 16 Mar 2023 05:38:09 -0700","Thu, 16 Mar 2023 05:38:10 -0700","Thu, 16 Mar 2023 05:38:09 -0700",,,,05:38:09 -0700,05:38:09 -0700,05:38:10 -0700,05:38:09 -0700,,,14:30:09,14:30:09,14:30:10,14:30:09,,
Google Scholar Alerts <scholaralerts-noreply@google.com>,"Thu, 27 Apr 2023 01:24:55 -0700","Thu, 27 Apr 2023 01:24:55 -0700","Thu, 27 Apr 2023 01:24:56 -0700","Thu, 27 Apr 2023 01:24:55 -0700",,,,01:24:55 -0700,01:24:55 -0700,01:24:56 -0700,01:24:55 -0700,,,10:16:55,10:16:55,10:16:56,10:16:55,,
Google Scholar Alerts <scholaralerts-noreply@google.com>,"Tue, 23 May 2023 04:02:03 -0700","Tue, 23 May 2023 04:02:03 -0700","Tue, 23 May 2023 04:02:04 -0700","Tue, 23 May 2023 04:02:03 -0700",,,,04:02:03 -0700,04:02:03 -0700,04:02:04 -0700,04:02:03 -0700,,,12:54:03,12:54:03,12:54:04,12:54:03,,
Google Scholar Alerts <scholaralerts-noreply@google.com>,"Sat, 01 Jul 2023 15:55:12 -0700","Sat, 01 Jul 2023 15:55:13 -0700","Sat, 1 Jul 2023 15:55:13 -0700","Sat, 01 Jul 2023 15:55:13 -0700",,,,15:55:12 -0700,15:55:13 -0700,15:55:13 -0700,15:55:13 -0700,,,00:47:12,00:47:13,00:47:13,00:47:13,,
Google Scholar Alerts <scholaralerts-noreply@google.com>,"Sat, 05 Aug 2023 08:32:05 -0700","Sat, 05 Aug 2023 08:32:06 -0700","Sat, 5 Aug 2023 08:32:06 -0700","Sat, 05 Aug 2023 08:32:06 -0700",,,,08:32:05 -0700,08:32:06 -0700,08:32:06 -0700,08:32:06 -0700,,,17:24:05,17:24:06,17:24:06,17:24:06,,
Business Insider via LinkedIn <newsletters-noreply@linkedin.com>,"Tue, 28 Jun 2022 11:55:04 +0000","Tue, 28 Jun 2022 04:55:05 -0700","Tue, 28 Jun 2022 04:55:05 -0700","Tue, 28 Jun 2022 04:55:05 -0700",,,,11:55:04 +0000,04:55:05 -0700,04:55:05 -0700,04:55:05 -0700,,,13:47:04,13:47:05,13:47:05,13:47:05,,
Medium Daily Digest <noreply@medium.com>,"Sat, 29 Jul 2023 05:00:00 +0000","Fri, 28 Jul 2023 22:00:01 -0700","Fri, 28 Jul 2023 22:00:01 -0700","Fri, 28 Jul 2023 22:00:01 -0700",2023-07-29 00:18:02.382438192 +0000 ,,,05:00:00 +0000,22:00:01 -0700,22:00:01 -0700,22:00:01 -0700,,,06:52:00,06:52:01,06:52:01,06:52:01,,
Medium Daily Digest <noreply@medium.com>,"Sun, 23 Jul 2023 05:00:00 +0000","Sat, 22 Jul 2023 22:00:02 -0700","Sat, 22 Jul 2023 22:00:03 -0700","Sat, 22 Jul 2023 22:00:02 -0700",2023-07-23 00:11:13.822039628 +0000 ,,,05:00:00 +0000,22:00:02 -0700,22:00:03 -0700,22:00:02 -0700,,,06:52:00,06:52:02,06:52:03,06:52:02,,
Google Scholar Alerts <scholaralerts-noreply@google.com>,"Tue, 30 May 2023 03:28:37 -0700","Tue, 30 May 2023 03:28:38 -0700","Tue, 30 May 2023 03:28:38 -0700","Tue, 30 May 2023 03:28:38 -0700",,,,03:28:37 -0700,03:28:38 -0700,03:28:38 -0700,03:28:38 -0700,,,12:20:37,12:20:38,12:20:38,12:20:38,,
Google Scholar Alerts <scholaralerts-noreply@google.com>,"Thu, 01 Jun 2023 01:31:46 -0700","Thu, 01 Jun 2023 01:31:46 -0700","Thu, 1 Jun 2023 01:31:47 -0700","Thu, 01 Jun 2023 01:31:46 -0700",,,,01:31:46 -0700,01:31:46 -0700,01:31:47 -0700,01:31:46 -0700,,,10:23:46,10:23:46,10:23:47,10:23:46,,
Google Scholar Alerts <scholaralerts-noreply@google.com>,"Sun, 02 Jul 2023 23:34:03 -0700","Sun, 02 Jul 2023 23:34:03 -0700","Sun, 2 Jul 2023 23:34:03 -0700","Sun, 02 Jul 2023 23:34:03 -0700",,,,23:34:03 -0700,23:34:03 -0700,23:34:03 -0700,23:34:03 -0700,,,08:26:03,08:26:03,08:26:03,08:26:03,,
Google Scholar Alerts <scholaralerts-noreply@google.com>,"Sat, 29 Jul 2023 10:11:28 -0700","Sat, 29 Jul 2023 10:11:29 -0700","Sat, 29 Jul 2023 10:11:29 -0700","Sat, 29 Jul 2023 10:11:29 -0700",,,,10:11:28 -0700,10:11:29 -0700,10:11:29 -0700,10:11:29 -0700,,,19:03:28,19:03:29,19:03:29,19:03:29,,
Google Scholar Alerts <scholaralerts-noreply@google.com>,"Tue, 08 Aug 2023 06:58:58 -0700","Tue, 08 Aug 2023 06:58:58 -0700","Tue, 8 Aug 2023 06:58:58 -0700","Tue, 08 Aug 2023 06:58:58 -0700",,,,06:58:58 -0700,06:58:58 -0700,06:58:58 -0700,06:58:58 -0700,,,15:50:58,15:50:58,15:50:58,15:50:58,,
Medium Daily Digest <noreply@medium.com>,"Thu, 01 Jun 2023 05:00:00 +0000","Wed, 31 May 2023 22:00:03 -0700","Wed, 31 May 2023 22:00:04 -0700","Wed, 31 May 2023 22:00:03 -0700",2023-06-01 00:11:33.57680894 +0000 ,,,05:00:00 +0000,22:00:03 -0700,22:00:04 -0700,22:00:03 -0700,,,06:52:00,06:52:03,06:52:04,06:52:03,,
Medium Daily Digest <noreply@medium.com>,"Fri, 24 Feb 2023 05:00:00 +0000","Thu, 23 Feb 2023 21:00:02 -0800","Thu, 23 Feb 2023 21:00:03 -0800","Thu, 23 Feb 2023 21:00:02 -0800",2023-02-24 00:05:14.894138325 +0000 ,,,05:00:00 +0000,21:00:02 -0800,21:00:03 -0800,21:00:02 -0800,,,06:52:00,06:52:02,06:52:03,06:52:02,,
Medium Daily Digest <noreply@medium.com>,"Sat, 04 Mar 2023 05:00:00 +0000","Fri, 03 Mar 2023 21:00:01 -0800","Fri, 3 Mar 2023 21:00:01 -0800","Fri, 03 Mar 2023 21:00:01 -0800",2023-03-04 00:04:59.815514249 +0000 ,,,05:00:00 +0000,21:00:01 -0800,21:00:01 -0800,21:00:01 -0800,,,06:52:00,06:52:01,06:52:01,06:52:01,,
Medium Daily Digest <noreply@medium.com>,"Sun, 30 Apr 2023 05:00:00 +0000","Sat, 29 Apr 2023 22:00:01 -0700","Sat, 29 Apr 2023 22:00:01 -0700","Sat, 29 Apr 2023 22:00:01 -0700",2023-04-30 00:10:10.783404372 +0000 ,,,05:00:00 +0000,22:00:01 -0700,22:00:01 -0700,22:00:01 -0700,,,06:52:00,06:52:01,06:52:01,06:52:01,,
Medium Daily Digest <noreply@medium.com>,"Tue, 07 Feb 2023 05:00:00 +0000","Mon, 06 Feb 2023 21:00:01 -0800","Mon, 6 Feb 2023 21:00:01 -0800","Mon, 06 Feb 2023 21:00:01 -0800",2023-02-07 00:10:51.922746746 +0000 ,,,05:00:00 +0000,21:00:01 -0800,21:00:01 -0800,21:00:01 -0800,,,06:52:00,06:52:01,06:52:01,06:52:01,,
Medium Daily Digest <noreply@medium.com>,"Thu, 06 Jul 2023 05:00:00 +0000","Wed, 05 Jul 2023 22:00:02 -0700","Wed, 5 Jul 2023 22:00:02 -0700","Wed, 05 Jul 2023 22:00:02 -0700",2023-07-06 00:12:27.325541371 +0000 ,,,05:00:00 +0000,22:00:02 -0700,22:00:02 -0700,22:00:02 -0700,,,06:52:00,06:52:02,06:52:02,06:52:02,,
Medium Daily Digest <noreply@medium.com>,"Fri, 14 Apr 2023 05:00:00 +0000","Thu, 13 Apr 2023 22:00:01 -0700","Thu, 13 Apr 2023 22:00:01 -0700","Thu, 13 Apr 2023 22:00:01 -0700",2023-04-14 00:10:16.849609205 +0000 ,,,05:00:00 +0000,22:00:01 -0700,22:00:01 -0700,22:00:01 -0700,,,06:52:00,06:52:01,06:52:01,06:52:01,,
LinkedIn <messages-noreply@linkedin.com>,"Tue, 17 May 2022 19:14:19 +0000","Tue, 17 May 2022 12:14:23 -0700","Tue, 17 May 2022 12:14:23 -0700","Tue, 17 May 2022 12:14:23 -0700",,,,19:14:19 +0000,12:14:23 -0700,12:14:23 -0700,12:14:23 -0700,,,21:06:19,21:06:23,21:06:23,21:06:23,,
"""Wondershare"" <noreply@mail-service.wondershare.com>","Tue, 21 Mar 2023 16:09:51 +0800","Tue, 21 Mar 2023 01:09:53 -0700","Tue, 21 Mar 2023 01:09:53 -0700","Tue, 21 Mar 2023 01:09:53 -0700","Tue, 21 Mar 2023 16:09:51 +0800",,,16:09:51 +0800,01:09:53 -0700,01:09:53 -0700,01:09:53 -0700,16:09:51 +0800,,10:01:51,10:01:53,10:01:53,10:01:53,10:01:51,
Medium Daily Digest <noreply@medium.com>,"Sat, 04 Feb 2023 05:00:00 +0000","Fri, 03 Feb 2023 21:00:03 -0800","Fri, 3 Feb 2023 21:00:03 -0800","Fri, 03 Feb 2023 21:00:03 -0800",2023-02-04 00:09:29.929967985 +0000 ,,,05:00:00 +0000,21:00:03 -0800,21:00:03 -0800,21:00:03 -0800,,,06:52:00,06:52:03,06:52:03,06:52:03,,
Tshepiso <noreply@github.com>,"Thu, 17 Aug 2023 22:25:37 -0700","Thu, 17 Aug 2023 22:25:37 -0700","Thu, 17 Aug 2023 22:25:37 -0700","Thu, 17 Aug 2023 22:25:37 -0700","Thu, 17 Aug 2023 22:25:37 -0700",,,22:25:37 -0700,22:25:37 -0700,22:25:37 -0700,22:25:37 -0700,22:25:37 -0700,,07:17:37,07:17:37,07:17:37,07:17:37,07:17:37,
Tshepiso <noreply@github.com>,"Thu, 07 Sep 2023 01:31:14 -0700","Thu, 07 Sep 2023 01:31:14 -0700","Thu, 7 Sep 2023 01:31:15 -0700","Thu, 07 Sep 2023 01:31:14 -0700",,,,01:31:14 -0700,01:31:14 -0700,01:31:15 -0700,01:31:14 -0700,,,10:23:14,10:23:14,10:23:15,10:23:14,,
Tshepiso <noreply@github.com>,"Mon, 18 Sep 2023 10:11:59 -0700","Mon, 18 Sep 2023 10:12:00 -0700","Mon, 18 Sep 2023 10:12:00 -0700","Mon, 18 Sep 2023 10:12:00 -0700","Mon, 18 Sep 2023 10:11:59 -0700",,,10:11:59 -0700,10:12:00 -0700,10:12:00 -0700,10:12:00 -0700,10:11:59 -0700,,19:03:59,19:04:00,19:04:00,19:04:00,19:03:59,
"""Google Cloud Platform, Firebase and APIs"" <CloudPlatform-noreply@google.com>","Mon, 05 Jun 2023 10:08:08 -0700","Mon, 05 Jun 2023 10:08:08 -0700","Mon, 5 Jun 2023 10:08:09 -0700","Mon, 05 Jun 2023 10:08:08 -0700",,,,10:08:08 -0700,10:08:08 -0700,10:08:09 -0700,10:08:08 -0700,,,19:00:08,19:00:08,19:00:09,19:00:08,,
"""Google Cloud Platform, Firebase and APIs"" <CloudPlatform-noreply@google.com>","Thu, 20 Apr 2023 00:45:36 -0700","Thu, 20 Apr 2023 00:45:37 -0700","Thu, 20 Apr 2023 00:45:37 -0700","Thu, 20 Apr 2023 00:45:37 -0700",,,,00:45:36 -0700,00:45:37 -0700,00:45:37 -0700,00:45:37 -0700,,,09:37:36,09:37:37,09:37:37,09:37:37,,
"""Google Cloud Platform, Firebase and APIs"" <CloudPlatform-noreply@google.com>","Sun, 23 Apr 2023 00:45:39 -0700","Sun, 23 Apr 2023 00:45:40 -0700","Sun, 23 Apr 2023 00:45:40 -0700","Sun, 23 Apr 2023 00:45:40 -0700",,,,00:45:39 -0700,00:45:40 -0700,00:45:40 -0700,00:45:40 -0700,,,09:37:39,09:37:40,09:37:40,09:37:40,,
"""Google Cloud Platform, Firebase and APIs"" <CloudPlatform-noreply@google.com>","Fri, 19 May 2023 00:45:36 -0700","Fri, 19 May 2023 00:45:36 -0700","Fri, 19 May 2023 00:45:36 -0700","Fri, 19 May 2023 00:45:36 -0700",,,,00:45:36 -0700,00:45:36 -0700,00:45:36 -0700,00:45:36 -0700,,,09:37:36,09:37:36,09:37:36,09:37:36,,
"""Google Cloud Platform, Firebase and APIs"" <CloudPlatform-noreply@google.com>","Fri, 26 May 2023 05:06:09 -0700","Fri, 26 May 2023 05:06:09 -0700","Fri, 26 May 2023 05:06:09 -0700","Fri, 26 May 2023 05:06:09 -0700",,,,05:06:09 -0700,05:06:09 -0700,05:06:09 -0700,05:06:09 -0700,,,13:58:09,13:58:09,13:58:09,13:58:09,,
"""Google Cloud Platform, Firebase and APIs"" <CloudPlatform-noreply@google.com>","Mon, 29 May 2023 10:08:04 -0700","Mon, 29 May 2023 10:08:05 -0700","Mon, 29 May 2023 10:08:05 -0700","Mon, 29 May 2023 10:08:05 -0700",,,,10:08:04 -0700,10:08:05 -0700,10:08:05 -0700,10:08:05 -0700,,,19:00:04,19:00:05,19:00:05,19:00:05,,
"""Google Cloud Platform, Firebase and APIs"" <CloudPlatform-noreply@google.com>","Thu, 01 Jun 2023 10:09:18 -0700","Thu, 01 Jun 2023 10:09:19 -0700","Thu, 1 Jun 2023 10:09:19 -0700","Thu, 01 Jun 2023 10:09:18 -0700",,,,10:09:18 -0700,10:09:19 -0700,10:09:19 -0700,10:09:18 -0700,,,19:01:18,19:01:19,19:01:19,19:01:18,,
TradingView <noreply@tradingview.com>,"Thu, 24 Aug 2023 12:43:56 +0000","Thu, 24 Aug 2023 05:43:57 -0700","Thu, 24 Aug 2023 05:43:57 -0700","Thu, 24 Aug 2023 05:43:57 -0700",,,,12:43:56 +0000,05:43:57 -0700,05:43:57 -0700,05:43:57 -0700,,,14:35:56,14:35:57,14:35:57,14:35:57,,
TradingView <noreply@tradingview.com>,"Thu, 12 Oct 2023 15:10:32 +0000","Thu, 12 Oct 2023 08:10:32 -0700","Thu, 12 Oct 2023 08:10:33 -0700","Thu, 12 Oct 2023 08:10:32 -0700",,,,15:10:32 +0000,08:10:32 -0700,08:10:33 -0700,08:10:32 -0700,,,17:02:32,17:02:32,17:02:33,17:02:32,,
TradingView <noreply@tradingview.com>,"Thu, 12 Oct 2023 15:14:01 +0000","Thu, 12 Oct 2023 08:14:01 -0700","Thu, 12 Oct 2023 08:14:01 -0700","Thu, 12 Oct 2023 08:14:01 -0700",,,,15:14:01 +0000,08:14:01 -0700,08:14:01 -0700,08:14:01 -0700,,,17:06:01,17:06:01,17:06:01,17:06:01,,
TradingView <noreply@tradingview.com>,"Thu, 12 Oct 2023 15:15:04 +0000","Thu, 12 Oct 2023 08:15:05 -0700","Thu, 12 Oct 2023 08:15:05 -0700","Thu, 12 Oct 2023 08:15:05 -0700",,,,15:15:04 +0000,08:15:05 -0700,08:15:05 -0700,08:15:05 -0700,,,17:07:04,17:07:05,17:07:05,17:07:05,,
TradingView <noreply@tradingview.com>,"Wed, 26 Jul 2023 01:30:46 +0000","Tue, 25 Jul 2023 18:30:47 -0700","Tue, 25 Jul 2023 18:30:47 -0700","Tue, 25 Jul 2023 18:30:47 -0700",,,,01:30:46 +0000,18:30:47 -0700,18:30:47 -0700,18:30:47 -0700,,,03:22:46,03:22:47,03:22:47,03:22:47,,
TradingView <noreply@tradingview.com>,"Wed, 26 Jul 2023 01:31:42 +0000","Tue, 25 Jul 2023 18:31:43 -0700","Tue, 25 Jul 2023 18:31:43 -0700","Tue, 25 Jul 2023 18:31:43 -0700",,,,01:31:42 +0000,18:31:43 -0700,18:31:43 -0700,18:31:43 -0700,,,03:23:42,03:23:43,03:23:43,03:23:43,,
TradingView <noreply@tradingview.com>,"Wed, 26 Jul 2023 01:34:59 +0000","Tue, 25 Jul 2023 18:34:59 -0700","Tue, 25 Jul 2023 18:35:00 -0700","Tue, 25 Jul 2023 18:34:59 -0700",,,,01:34:59 +0000,18:34:59 -0700,18:35:00 -0700,18:34:59 -0700,,,03:26:59,03:26:59,03:27:00,03:26:59,,
TradingView <noreply@tradingview.com>,"Wed, 26 Jul 2023 01:37:40 +0000","Tue, 25 Jul 2023 18:37:40 -0700","Tue, 25 Jul 2023 18:37:40 -0700","Tue, 25 Jul 2023 18:37:40 -0700",,,,01:37:40 +0000,18:37:40 -0700,18:37:40 -0700,18:37:40 -0700,,,03:29:40,03:29:40,03:29:40,03:29:40,,
OfferZen <noreply@offerzen.com>,"Mon, 09 Oct 2023 09:46:43 +0000","Mon, 09 Oct 2023 02:46:44 -0700","Mon, 9 Oct 2023 02:46:44 -0700","Mon, 09 Oct 2023 02:46:44 -0700",,,,09:46:43 +0000,02:46:44 -0700,02:46:44 -0700,02:46:44 -0700,,,11:38:43,11:38:44,11:38:44,11:38:44,,
Amazon Web Services <password-reset-noreply@aws.amazon.com>,"Sun, 24 Jul 2022 21:21:56 +0000","Sun, 24 Jul 2022 14:21:57 -0700","Sun, 24 Jul 2022 14:21:57 -0700","Sun, 24 Jul 2022 14:21:57 -0700",,,,21:21:56 +0000,14:21:57 -0700,14:21:57 -0700,14:21:57 -0700,,,23:13:56,23:13:57,23:13:57,23:13:57,,
Amazon Web Services <password-reset-noreply@aws.amazon.com>,"Thu, 28 Jul 2022 04:45:19 +0000","Wed, 27 Jul 2022 21:45:20 -0700","Wed, 27 Jul 2022 21:45:20 -0700","Wed, 27 Jul 2022 21:45:20 -0700",,,,04:45:19 +0000,21:45:20 -0700,21:45:20 -0700,21:45:20 -0700,,,06:37:19,06:37:20,06:37:20,06:37:20,,
Flo <noreply@owhealth.com>,"Sat, 14 Jan 2023 09:39:22 +0000","Sat, 14 Jan 2023 01:39:22 -0800","Sat, 14 Jan 2023 01:39:22 -0800","Sat, 14 Jan 2023 01:39:22 -0800",,,,09:39:22 +0000,01:39:22 -0800,01:39:22 -0800,01:39:22 -0800,,,11:31:22,11:31:22,11:31:22,11:31:22,,
Filmora <noreply@best.wondershare.com>,"Tue, 01 Aug 2023 13:25:23 +0000","Tue, 01 Aug 2023 06:25:25 -0700","Tue, 1 Aug 2023 06:25:25 -0700","Tue, 01 Aug 2023 06:25:25 -0700",,,,13:25:23 +0000,06:25:25 -0700,06:25:25 -0700,06:25:25 -0700,,,15:17:23,15:17:25,15:17:25,15:17:25,,
Medium Daily Digest <noreply@medium.com>,"Fri, 05 May 2023 05:00:00 +0000","Thu, 04 May 2023 22:00:01 -0700","Thu, 4 May 2023 22:00:01 -0700","Thu, 04 May 2023 22:00:01 -0700",2023-05-05 00:10:11.629966491 +0000 ,,,05:00:00 +0000,22:00:01 -0700,22:00:01 -0700,22:00:01 -0700,,,06:52:00,06:52:01,06:52:01,06:52:01,,
OfentseInTech via LinkedIn <newsletters-noreply@linkedin.com>,"Mon, 27 Mar 2023 06:43:49 +0000","Sun, 26 Mar 2023 23:43:50 -0700","Sun, 26 Mar 2023 23:43:50 -0700","Sun, 26 Mar 2023 23:43:50 -0700",,,,06:43:49 +0000,23:43:50 -0700,23:43:50 -0700,23:43:50 -0700,,,08:35:49,08:35:50,08:35:50,08:35:50,,
OfentseInTech via LinkedIn <newsletters-noreply@linkedin.com>,"Sun, 26 Mar 2023 06:44:04 +0000","Sat, 25 Mar 2023 23:44:07 -0700","Sat, 25 Mar 2023 23:44:07 -0700","Sat, 25 Mar 2023 23:44:07 -0700",,,,06:44:04 +0000,23:44:07 -0700,23:44:07 -0700,23:44:07 -0700,,,08:36:04,08:36:07,08:36:07,08:36:07,,
"""Wondershare"" <noreply@mail-service.wondershare.com>","Sat, 14 Jan 2023 10:03:27 +0800","Fri, 13 Jan 2023 18:03:28 -0800","Fri, 13 Jan 2023 18:03:29 -0800","Fri, 13 Jan 2023 18:03:28 -0800","Sat, 14 Jan 2023 10:03:27 +0800",,,10:03:27 +0800,18:03:28 -0800,18:03:29 -0800,18:03:28 -0800,10:03:27 +0800,,03:55:27,03:55:28,03:55:29,03:55:28,03:55:27,
"""Wondershare"" <noreply@mail-service.wondershare.com>","Wed, 08 Feb 2023 20:09:37 +0800","Wed, 08 Feb 2023 04:09:38 -0800","Wed, 8 Feb 2023 04:09:39 -0800","Wed, 08 Feb 2023 04:09:38 -0800","Wed, 08 Feb 2023 20:09:37 +0800",,,20:09:37 +0800,04:09:38 -0800,04:09:39 -0800,04:09:38 -0800,20:09:37 +0800,,14:01:37,14:01:38,14:01:39,14:01:38,14:01:37,
Team Clarivate <noreply@webofscience.com>,"Sat, 8 Apr 2023 23:42:00 +0000","Sat, 08 Apr 2023 16:42:01 -0700","Sat, 8 Apr 2023 16:42:01 -0700","Sat, 08 Apr 2023 16:42:01 -0700",,,,23:42:00 +0000,16:42:01 -0700,16:42:01 -0700,16:42:01 -0700,,,01:34:00,01:34:01,01:34:01,01:34:01,,
Avinash Singh <noreply@github.com>,"Wed, 27 Apr 2022 10:36:38 -0700","Wed, 27 Apr 2022 10:36:39 -0700","Wed, 27 Apr 2022 10:36:39 -0700","Wed, 27 Apr 2022 10:36:39 -0700","Wed, 27 Apr 2022 10:36:38 -0700",,,10:36:38 -0700,10:36:39 -0700,10:36:39 -0700,10:36:39 -0700,10:36:38 -0700,,19:28:38,19:28:39,19:28:39,19:28:39,19:28:38,
Azasakhe Gogo via LinkedIn <messaging-digest-noreply@linkedin.com>,"Fri, 3 Feb 2023 18:52:22 +0000","Fri, 03 Feb 2023 10:52:24 -0800","Fri, 3 Feb 2023 10:52:25 -0800","Fri, 03 Feb 2023 10:52:24 -0800",,,,18:52:22 +0000,10:52:24 -0800,10:52:25 -0800,10:52:24 -0800,,,20:44:22,20:44:24,20:44:25,20:44:24,,
"Azeez Olanrewaju Shoderu via LinkedIn
 <messaging-digest-noreply@linkedin.com>","Tue, 9 May 2023 09:32:00 +0000","Tue, 09 May 2023 02:32:02 -0700","Tue, 9 May 2023 02:32:02 -0700","Tue, 09 May 2023 02:32:02 -0700",,,,09:32:00 +0000,02:32:02 -0700,02:32:02 -0700,02:32:02 -0700,,,11:24:00,11:24:02,11:24:02,11:24:02,,
System Talentlink <noreply@bbd.co.za>,"Thu, 3 Nov 2022 16:55:56 +0000","Thu, 03 Nov 2022 09:55:57 -0700","Thu, 3 Nov 2022 09:55:57 -0700","Thu, 03 Nov 2022 09:55:57 -0700",,,,16:55:56 +0000,09:55:57 -0700,09:55:57 -0700,09:55:57 -0700,,,18:47:56,18:47:57,18:47:57,18:47:57,,
The Student World <noreply@thestudent.world>,"Tue, 8 Mar 2022 04:46:24 +0000","Mon, 07 Mar 2022 20:46:25 -0800","Mon, 7 Mar 2022 20:46:25 -0800","Mon, 07 Mar 2022 20:46:25 -0800",,,,04:46:24 +0000,20:46:25 -0800,20:46:25 -0800,20:46:25 -0800,,,06:38:24,06:38:25,06:38:25,06:38:25,,
Virgin Active <noreply@virginactive.co.za>,"Mon, 25 Sep 2023 09:07:14 +0200","Mon, 25 Sep 2023 00:07:14 -0700","Mon, 25 Sep 2023 00:07:14 -0700","Mon, 25 Sep 2023 00:07:14 -0700",,,,09:07:14 +0200,00:07:14 -0700,00:07:14 -0700,00:07:14 -0700,,,08:59:14,08:59:14,08:59:14,08:59:14,,
"""Wondershare"" <noreply@mail-service.wondershare.com>","Thu, 19 Jan 2023 19:27:35 +0800","Thu, 19 Jan 2023 03:27:36 -0800","Thu, 19 Jan 2023 03:27:37 -0800","Thu, 19 Jan 2023 03:27:36 -0800","Thu, 19 Jan 2023 19:27:35 +0800",,,19:27:35 +0800,03:27:36 -0800,03:27:37 -0800,03:27:36 -0800,19:27:35 +0800,,13:19:35,13:19:36,13:19:37,13:19:36,13:19:35,
LinkedIn <career-interests-noreply@linkedin.com>,"Sat, 10 Dec 2022 17:25:07 +0000","Sat, 10 Dec 2022 09:25:07 -0800","Sat, 10 Dec 2022 09:25:08 -0800","Sat, 10 Dec 2022 09:25:07 -0800",,,,17:25:07 +0000,09:25:07 -0800,09:25:08 -0800,09:25:07 -0800,,,19:17:07,19:17:07,19:17:08,19:17:07,,
Business Insider via LinkedIn <newsletters-noreply@linkedin.com>,"Wed, 19 Oct 2022 11:18:33 +0000","Wed, 19 Oct 2022 04:18:35 -0700","Wed, 19 Oct 2022 04:18:35 -0700","Wed, 19 Oct 2022 04:18:35 -0700",,,,11:18:33 +0000,04:18:35 -0700,04:18:35 -0700,04:18:35 -0700,,,13:10:33,13:10:35,13:10:35,13:10:35,,
GitHub via LinkedIn <newsletters-noreply@linkedin.com>,"Thu, 17 Nov 2022 21:08:08 +0000","Thu, 17 Nov 2022 13:08:11 -0800","Thu, 17 Nov 2022 13:08:12 -0800","Thu, 17 Nov 2022 13:08:11 -0800",,,,21:08:08 +0000,13:08:11 -0800,13:08:12 -0800,13:08:11 -0800,,,23:00:08,23:00:11,23:00:12,23:00:11,,
GitHub <noreply@github.com>,"Sun, 12 Sep 2021 10:00:58 +0000","Sun, 12 Sep 2021 03:00:59 -0700","Sun, 12 Sep 2021 03:00:59 -0700","Sun, 12 Sep 2021 03:00:59 -0700",2021-09-12 10:00:58.084748107 +0000 ,,"Sun, 12 Sep 2021 03:00:57 -0700",10:00:58 +0000,03:00:59 -0700,03:00:59 -0700,03:00:59 -0700,,,11:52:58,11:52:59,11:52:59,11:52:59,,
GitHub <noreply@github.com>,"Mon, 21 Nov 2022 09:19:31 -0800","Mon, 21 Nov 2022 09:19:31 -0800","Mon, 21 Nov 2022 09:19:31 -0800","Mon, 21 Nov 2022 09:19:31 -0800","Mon, 21 Nov 2022 09:19:31 -0800",,,09:19:31 -0800,09:19:31 -0800,09:19:31 -0800,09:19:31 -0800,09:19:31 -0800,,19:11:31,19:11:31,19:11:31,19:11:31,19:11:31,
GitHub <noreply@github.com>,"Mon, 21 Nov 2022 12:34:49 -0800","Mon, 21 Nov 2022 12:34:49 -0800","Mon, 21 Nov 2022 12:34:50 -0800","Mon, 21 Nov 2022 12:34:49 -0800","Mon, 21 Nov 2022 12:34:49 -0800",,,12:34:49 -0800,12:34:49 -0800,12:34:50 -0800,12:34:49 -0800,12:34:49 -0800,,22:26:49,22:26:49,22:26:50,22:26:49,22:26:49,
